Address,Price,Beds,Baths,Area,Latitude,Longitude,geometry
"42 Grattan Street, Cork City, Co. Cork",265000,4,2,104,51.89882001927998,-8.480119969919372,POINT (-8.480119969919372 51.89882001927998)
"1 Old Friary Place, Shandon Street, Cork City, Co. Cork",275000,2,2,70,51.902480019211055,-8.478079982324545,POINT (-8.478079982324545 51.902480019211055)
"179 Kilnap Place, Farranree, Farranree, Co. Cork",225000,3,1,75,51.91443001474926,-8.480100020989823,POINT (-8.480100020989823 51.91443001474926)
"23 Tower Hill, Kilcoolishal, Glanmire, Co. Cork",580000,5,3,282,51.92694000000006,-8.399309999999957,POINT (-8.399309999999957 51.92694000000006)
"14 Crestfield Mews, Riverstown, Glanmire, Co. Cork",290000,3,1,76,51.93509999752749,-8.392839966524775,POINT (-8.392839966524775 51.93509999752749)
"36 Copper Valley Vue, Glanmire, Glanmire, Co. Cork",380000,4,3,136,51.92958998583703,-8.37762999738456,POINT (-8.37762999738456 51.929589985837026)
"Falcal Heights Clogheen, Cork City, Co. Cork",750000,6,4,625,51.87798000959586,-8.530130008482445,POINT (-8.530130008482445 51.87798000959586)
"33 Prosperity Square, Barrack Street, Cork City, Co. Cork",150000,2,1,56,51.89349000896024,-8.476739967463885,POINT (-8.476739967463885 51.89349000896024)
"4 Avondale, Model Farm Road, Model Farm Road, Co. Cork",745000,5,2,165,51.88730001537471,-8.512460034579249,POINT (-8.512460034579249 51.887300015374706)
"97 Rathmore Place, Richmond Hill, Cork City, Co. Cork",265000,3,1,99,51.90550999338996,-8.470680019106112,POINT (-8.470680019106112 51.905509993389956)
"Pinegrove, Carhoo, Rathpeacon, Co. Cork",280000,3,1,135,51.93578999579688,-8.48750995867303,POINT (-8.48750995867303 51.93578999579688)
"5 The Grove, Gleann Na Ri, Blarney, Co. Cork",325000,3,2,95,51.92541549810584,-8.599855303981068,POINT (-8.599855303981068 51.925415498105835)
"2 The Well, Eden, Blackrock, Co. Cork",480000,4,3,165,51.89354998147746,-8.412420008523583,POINT (-8.412420008523583 51.89354998147746)
"18 St. Enda's Road, Gurranabraher, Co. Cork",225000,3,1,70,51.90460001207171,-8.487970041338343,POINT (-8.487970041338343 51.90460001207171)
"32 Evergreen Buildings, Cork City, Co. Cork",230000,2,1,60,51.89418998169441,-8.476169998047965,POINT (-8.476169998047965 51.89418998169441)
"1 Woodcote, Saint Clare's Avenue, Cork City, Co. Cork",350000,3,2,129,51.88704000873818,-8.496399972818978,POINT (-8.496399972818978 51.88704000873818)
"20 Westbury Grove, Wilton, Co. Cork",295000,4,2,120,51.873660018608746,-8.49993001134132,POINT (-8.49993001134132 51.873660018608746)
"1 Mount Vernon Terrace, Saint Lukes, St. Lukes, Co. Cork",350000,3,2,90,51.9059899830753,-8.460229965141139,POINT (-8.460229965141139 51.9059899830753)
"24 Sommerville, Reeves Wood, Douglas, Co. Cork",310000,3,2,100,51.87957001471872,-8.440650006961391,POINT (-8.440650006961391 51.87957001471872)
"62 Uam Var Avenue, Bishopstown, Co. Cork",495000,3,2,224,51.87947001861383,-8.531489972272652,POINT (-8.531489972272652 51.87947001861383)
"Aine, Model Village, Blarney, Co. Cork",495000,4,2,144,51.92393999636357,-8.613089978980412,POINT (-8.613089978980412 51.92393999636357)
"62 Greenhills Court, South Douglas Road, Douglas, Co. Cork",275000,3,1,80,51.879210011977335,-8.453329982447116,POINT (-8.453329982447116 51.879210011977335)
"58 Churchfield Avenue, Churchfield, Churchfield, Co. Cork",245000,4,1,76,51.909939996856224,-8.49255997151721,POINT (-8.49255997151721 51.909939996856224)
"10 O'Connell Street, Blackpool, Co. Cork",159000,2,1,46,51.90777000594315,-8.475259974820204,POINT (-8.475259974820204 51.90777000594315)
"10 The Close, Ard Patrick, Blackpool, Co. Cork",295000,4,4,114,51.90977998632462,-8.470030002514847,POINT (-8.470030002514847 51.90977998632462)
"25 Inniscarra Road, Fairhill, Co. Cork",245000,2,2,71,51.90829001921614,-8.485469971078203,POINT (-8.485469971078203 51.90829001921614)
"37 Great William O'Brien Street, Blackpool, Co. Cork",375000,7,3,324,51.908570016691726,-8.475229967606822,POINT (-8.475229967606822 51.908570016691726)
"Lizlee, Model Farm Road, Co. Cork",445000,5,3,176,51.89224001573968,-8.548020007343979,POINT (-8.548020007343979 51.892240015739674)
"Trenton, 27 Loreto Park, Douglas, Co. Cork",595000,4,2,143,51.88282998832074,-8.454110002356629,POINT (-8.454110002356629 51.88282998832074)
"4 Rock Cottages, Commons Road, Cork City, Co. Cork",245000,4,2,96,51.90148999071749,-8.481849994734802,POINT (-8.481849994734802 51.901489990717494)
"1 Coolflugh, Tower, Blarney, Co. Cork",525000,4,4,193,51.92283999730034,-8.604170041440142,POINT (-8.604170041440142 51.92283999730034)
"98 Evergreen Road, Cork City, Co. Cork",225000,1,1,52,51.89177000051913,-8.471549976836684,POINT (-8.471549976836684 51.89177000051913)
"Avondhu, 36 Endsleigh Estate, Douglas, Co. Cork",625000,4,2,155,51.883499995751066,-8.442569965702745,POINT (-8.442569965702745 51.883499995751066)
"Villa Martin, 12 Cedar Avenue, Bishopstown, Co. Cork",380000,4,2,109,51.8866800059968,-8.514730021597217,POINT (-8.514730021597217 51.886680005996794)
"4 Wyse's Cottages, Blarney Street, Cork City Centre",265000,2,1,69,51.90127000766864,-8.48994004004166,POINT (-8.48994004004166 51.90127000766864)
"405 Northgate House, Kyrl's Quay, Cork City, Co. Cork",249000,2,1,58,51.90091997939206,-8.4792500121888,POINT (-8.4792500121888 51.90091997939206)
"35 Heatherfield Crescent, Ballymaw, Waterfall, Co. Cork",725000,5,4,227,51.85744222791267,-8.552899740007419,POINT (-8.552899740007419 51.85744222791267)
"2 Westbourne Terrace, The Lough, The Lough, Co. Cork",370000,3,1,123,51.88840998890271,-8.484579980599023,POINT (-8.484579980599023 51.88840998890271)
"11 Monastery Avenue, Blarney Street, Cork City, Co. Cork",395000,4,3,124,51.90212999093444,-8.50134001509349,POINT (-8.50134001509349 51.90212999093444)
"Burkes Lane, Ballinvriskig, Cork City, Co. Cork",440000,4,2,109,51.94032000000004,-8.452849999999955,POINT (-8.452849999999955 51.94032000000004)
"11 Rowan Hill, Mount Oval Village, Rochestown, Co. Cork",395000,3,3,102,51.87779000000006,-8.371579999999938,POINT (-8.371579999999938 51.87779000000006)
"Kilnaglory Lodge, Greenfield, Ballincollig, Co. Cork",675000,5,4,268,51.87731000216553,-8.61274003452283,POINT (-8.61274003452283 51.87731000216553)
"60 Foxwood, Rochestown, Co. Cork",440000,3,4,166,51.86862999660366,-8.401729980670723,POINT (-8.401729980670723 51.86862999660366)
"106 Old Youghal Road, Dillons Cross, St. Lukes, Co. Cork",195000,2,1,45,51.90913998610765,-8.454460030633243,POINT (-8.454460030633243 51.90913998610765)
"57 Delford Drive, Rochestown Road, Rochestown, Co. Cork",295000,3,1,90,51.87774944861152,-8.372337065633237,POINT (-8.372337065633237 51.87774944861152)
"35 Argideen Lawn, Togher, Togher, Co. Cork",250000,3,2,90,51.877709986585046,-8.496190006144445,POINT (-8.496190006144445 51.877709986585046)
"14 Heron Gate, Blackpool, Blackpool, Co. Cork",290000,2,2,79,53.82530491307814,-3.0100770317828958,POINT (-3.0100770317828953 53.82530491307814)
"4 Hazelwood Gardens Glanmire Cork, Glanmire, Co. Cork",450000,4,2,150,51.93339997992544,-8.394369999130419,POINT (-8.394369999130419 51.93339997992544)
"30 Altus, Sunday's Well Road, Sunday's Well, Co. Cork",425000,2,3,90,51.90099998465786,-8.485539959969714,POINT (-8.485539959969714 51.90099998465786)
"16 Centenary Row, Old Youghal Road, Cork City Centre",160000,3,1,72,51.91231000093384,-8.442869995926912,POINT (-8.442869995926912 51.91231000093384)
"19 Dunvale Crescent, Frankfield, Douglas, Co. Cork",360000,3,3,96,51.86593001795276,-8.46773998274827,POINT (-8.46773998274827 51.86593001795276)
"6 Cathedral Road, Gurranabraher, Co. Cork",175000,3,1,68,51.90393997910616,-8.48851000354091,POINT (-8.48851000354091 51.903939979106156)
"20 Maymount, Friars Walk, Cork City, Co. Cork",275000,3,2,69,51.891279994459495,-8.473909985494771,POINT (-8.473909985494771 51.891279994459495)
"9 Fitzgerald Place, Old Blackrock Road, Blackrock, Co. Cork",225000,2,1,69,51.896338788032914,-8.419198003166102,POINT (-8.419198003166102 51.896338788032914)
"Apartment 6, Castlejane Court, Glanmire, Co. Cork",195000,2,1,65,51.92356902062836,-8.408215356371784,POINT (-8.408215356371784 51.923569020628356)
"311 Blarney Street, Cork City, Co. Cork",130000,1,1,54,51.90125001682958,-8.487950008589763,POINT (-8.487950008589763 51.90125001682958)
"6 Walsh's Square, Devonshire Street West, Cork City Centre",160000,2,1,43,51.90005805797592,-8.481657171305326,POINT (-8.481657171305326 51.90005805797592)
"Highwinds, 1 Central Avenue, Bishopstown, Co. Cork",485000,3,2,152,51.88211999921228,-8.523630010207938,POINT (-8.523630010207938 51.88211999921228)
"218 Pearse Road, Ballyphehane, Ballyphehane, Co. Cork",225000,3,1,82,51.88448000787034,-8.484460035564581,POINT (-8.484460035564581 51.88448000787034)
"5 Manor Drive, Thornbury Heights, Rochestown, Co. Cork",330000,3,2,93,51.87634998088532,-8.393110031445104,POINT (-8.393110031445104 51.87634998088532)
"22 The Glen, Greenvalley, Donnybrook, Co. Cork",305000,3,2,90,51.859350014412485,-8.442009970751599,POINT (-8.442009970751599 51.859350014412485)
"22A The Glen, Greenvalley, Donnybrook, Co. Cork",375000,4,2,102,51.85927998361143,-8.441939981860088,POINT (-8.441939981860088 51.85927998361143)
"3 Ardfoyle Place, Ballintemple, Ballintemple, Co. Cork",445000,3,2,93,51.6217400927134,-8.849977343902957,POINT (-8.849977343902957 51.6217400927134)
"22 Kiltegan Crescent, Rochestown Road, Rochestown, Co. Cork",440000,4,3,120,51.87774944861152,-8.372337065633237,POINT (-8.372337065633237 51.87774944861152)
"6 Goldsmith's Avenue, Richmond Hill, Cork City, Cork City Centre",235000,2,2,50,51.90596001777144,-8.471600016798646,POINT (-8.471600016798646 51.905960017771434)
"60 Kinvara Avenue, Ballyvolane, Ballyvolane, Co. Cork",305000,3,3,108,51.92403999246844,-8.461739964998202,POINT (-8.461739964998202 51.92403999246844)
"13 Oak Avenue, Classes Lake, Ovens, Co. Cork",320000,3,2,87,51.88331999438037,-8.63051000453089,POINT (-8.63051000453089 51.88331999438037)
"30 Bantry Park Road, Fairhill, Fairhill, Co. Cork",240000,2,1,71,51.91072001676574,-8.487520016956864,POINT (-8.487520016956864 51.91072001676574)
"104 Ardkeale, Mount Oval Village, Rochestown, Co. Cork",285000,2,2,71,51.87779000000006,-8.371579999999938,POINT (-8.371579999999938 51.87779000000006)
"10 Sheares Street, Cork City Centre",235000,1,1,161,51.898159986314425,-8.481699958667946,POINT (-8.481699958667946 51.898159986314425)
"71 Fernwood, Glanmire, Glanmire, Co. Cork",350000,3,3,101,51.92226998597488,-8.389380000713004,POINT (-8.389380000713004 51.92226998597488)
"Apartment 26, The Lodge, The Oaks, Ovens, Co. Cork",239000,2,1,56,51.87398829618747,-8.515105201763292,POINT (-8.515105201763292 51.87398829618747)
"2 Kingslea, Grange, Douglas, Co. Cork",375000,3,2,140,51.87007000756918,-8.439709976520248,POINT (-8.439709976520248 51.87007000756918)
"117 Clonlea, Mount Oval Village, Rochestown, Co. Cork",295000,2,2,82,51.87779000000006,-8.371579999999938,POINT (-8.371579999999938 51.87779000000006)
"Ard Na Culla, 1 The Mews, Westgrove, Donnybrook, Co. Cork",345000,3,3,115,51.89930000896533,-8.511469964176172,POINT (-8.511469964176172 51.89930000896533)
"Ard Na Culla, 1 The Mews, Westgrove, Douglas, Co. Cork",345000,3,3,115,51.86373999429111,-8.440480021964987,POINT (-8.440480021964987 51.86373999429111)
"Apartment 1, Glen Mervyn, Glanmire, Co. Cork",295000,2,2,94,51.92694000000006,-8.399309999999957,POINT (-8.399309999999957 51.92694000000006)
"22 The Stables, Ballincollig, Co. Cork",310000,3,3,111,51.88430718845678,-8.622009960595504,POINT (-8.622009960595504 51.88430718845678)
"1 Little William Street, Off MacCurtain Street, Cork City, Co. Cork",305000,6,4,140,51.90169999930154,-8.466180026748304,POINT (-8.466180026748304 51.90169999930154)
"Marilla, 17 Rosebank, Douglas, Co. Cork",440000,3,1,102,51.883480004912,-8.45161001591552,POINT (-8.45161001591552 51.883480004912)
"1 Inishowen, The Headlands, Wilton, Co. Cork",185000,2,1,52,51.87545001594137,-8.503530038755173,POINT (-8.503530038755173 51.87545001594137)
"Lauderdale, Loreto Park, Douglas, Co. Cork",895000,5,4,242,51.88458000397523,-8.455629976678466,POINT (-8.455629976678466 51.88458000397523)
"Apartment 99, The Kavanagh Block, Parchment Square, Cork City, Co. Cork",180000,3,3,73,51.91327000125929,-8.173260003409013,POINT (-8.173260003409013 51.91327000125929)
"Ferville, Rossa Avenue, Bishopstown, Co. Cork",385000,3,2,113,51.88108998904056,-8.530639963471629,POINT (-8.530639963471629 51.88108998904056)
"67 Avondale Park, Ballintemple, Ballinlough, Co. Cork",450000,4,2,113,51.8931800042713,-8.434519985893047,POINT (-8.434519985893047 51.8931800042713)
"27 Hibernian Buildings, Albert Road, Cork City Centre",235000,2,1,45,51.896909993093885,-8.459829980721622,POINT (-8.459829980721622 51.896909993093885)
"1 Monastery Avenue, Blarney Street, Cork City, Co. Cork",450000,4,2,126,51.90197999677713,-8.500810027355698,POINT (-8.500810027355698 51.90197999677713)
"The O Riada Block, 129 Parchment Square, Model Farm Road, Co. Cork",195000,3,3,82,51.8883400000112,-8.534269998098836,POINT (-8.534269998098836 51.8883400000112)
"2 Ardkeale, Mount Oval, Rochestown, Co. Cork",395000,3,2,98,51.86834999912807,-8.407650035064506,POINT (-8.407650035064506 51.86834999912807)
"28 Chapel Field, Cathedral Road, Gurranabraher, Co. Cork",295000,3,3,116,51.90442998516579,-8.49337997310488,POINT (-8.49337997310488 51.90442998516579)
"Rosapenna, Browningstown Park West, Douglas, Co. Cork",425000,3,1,102,51.88592001883589,-8.444829978255939,POINT (-8.444829978255939 51.88592001883589)
"Apartment 50B, South Terrace Court, Cork City, Co. Cork",240000,3,1,60,51.89417449526796,-8.465368767253185,POINT (-8.465368767253185 51.89417449526796)
"3 Millstream Row, Cork City, Co. Cork",215000,2,1,59,51.93378998988018,-8.564850030729957,POINT (-8.564850030729957 51.93378998988018)
"27 Fort Hill, Moneygurney, Douglas, Co. Cork",240000,2,2,70,51.86392547896159,-8.407956522863424,POINT (-8.407956522863424 51.86392547896159)
"12 Sharman Avenue, Crawford Gate, Blackrock, Co. Cork",425000,4,3,119,51.88747000037108,-8.411040011984767,POINT (-8.411040011984767 51.88747000037108)
"71 Cluain Ard, Blarney, Co. Cork",345000,3,3,124,51.93672998432848,-8.56710995946412,POINT (-8.56710995946412 51.93672998432848)
"Pinewood, Healy's Bridge, Carrigrohane, Co. Cork",449000,4,3,131,51.90273770822427,-8.574877191643205,POINT (-8.574877191643205 51.90273770822427)
"13 Farren Street, Blackpool, Co. Cork",75000,1,1,35,51.90583998891796,-8.477549994586752,POINT (-8.477549994586752 51.90583998891796)
"10 The Paddocks, Maryborough Hill, Douglas, Co. Cork",895000,4,3,209,51.8740400121892,-8.427310040419599,POINT (-8.427310040419599 51.8740400121892)
"101 Commons Road, Cork City, Co. Cork",225000,3,2,85,51.91645001150502,-8.474780027044375,POINT (-8.474780027044375 51.91645001150502)
"72 Southbury Road, Wilton, Glasheen, Co. Cork",295000,3,1,102,51.87762000685447,-8.502669971670343,POINT (-8.502669971670343 51.87762000685447)
"12 Harley Wood, Togher, Togher (Cork City), Co. Cork",365000,4,3,120,51.87726000411308,-8.49529004120049,POINT (-8.49529004120049 51.87726000411308)
"53 Skehard Road, Blackrock, Co. Cork",385000,3,1,107,51.88755000563691,-8.423800034645865,POINT (-8.423800034645865 51.88755000563691)
"Apartment 63, Castlejane Court, Glanmire, Co. Cork",210000,2,1,70,51.92356902062836,-8.408215356371784,POINT (-8.408215356371784 51.923569020628356)
"Apartment 55, Castlejane Court, Glanmire, Co. Cork",210000,2,1,70,51.92356902062836,-8.408215356371784,POINT (-8.408215356371784 51.923569020628356)
"6 Red Abbey Street, Cork City, Co. Cork",150000,1,1,60,51.89393001696743,-8.472469974529218,POINT (-8.472469974529218 51.89393001696743)
"11 Spring Mount Place, Dillons Cross, Dillons Cross, Co. Cork",165000,3,1,75,51.90923998221254,-8.453900035682096,POINT (-8.453900035682096 51.90923998221254)
"2 Glenside, Grange, Douglas, Co. Cork",295000,5,2,147,51.86460001946642,-8.444499982727933,POINT (-8.444499982727933 51.86460001946642)
"Crowley's Bungalow, Rathpeacon, Co. Cork",325000,3,2,120,51.93711999428325,-8.468829965437209,POINT (-8.468829965437209 51.93711999428325)
"Allolee, 12 Laburnum Lawn, Model Farm Road, Co. Cork",750000,4,4,200,51.88683000015413,-8.51018996374225,POINT (-8.51018996374225 51.886830000154134)
"9 West Avenue, Laurel Brook, Lehenaghmore, Co. Cork",385000,4,2,105,51.86439998534712,-8.495230026773754,POINT (-8.495230026773754 51.86439998534712)
"Apartment 25, The Elms, Wentworth Gardens, Wilton, Co. Cork",229000,2,1,65,51.88438001176547,-8.63119002833551,POINT (-8.63119002833551 51.88438001176547)
"Saint Martins, 42 Cushing Road, Farranree, Co. Cork",220000,2,1,68,51.9149100044346,-8.475900016946667,POINT (-8.475900016946667 51.9149100044346)
"16 Ashford Court, Grange, Grange, Co. Cork",285000,3,1,91,51.87268000648948,-8.650239998777522,POINT (-8.650239998777522 51.872680006489475)
"77 Welwyn Road, Maryborough Woods, Douglas, Co. Cork",330000,3,2,107,51.86964001593629,-8.429459998584093,POINT (-8.429459998584093 51.869640015936284)
"77 Avonmore Park, Mayfield, Mayfield, Co. Cork",185000,3,1,81,51.91310999072766,-8.437650039995845,POINT (-8.437650039995845 51.91310999072766)
"Apartment 36, Camden Wharf, Cork City Centre",380000,2,2,83,51.90115999518949,-8.472329996746197,POINT (-8.472329996746197 51.90115999518949)
"15 Saint Josephs Terrace, Derrynane Road, Turners Cross, Co. Cork",275000,3,1,70,51.88693273822852,-8.47208129673154,POINT (-8.47208129673154 51.88693273822852)
"Glenisle, Riverview Estate, Ballyvolane, Co. Cork",350000,5,2,177,51.91523999996261,-8.453979999038381,POINT (-8.453979999038381 51.91523999996261)
"56 Palmbury, Togher, Togher, Co. Cork",195000,2,1,57,51.87130998441546,-8.492689974835457,POINT (-8.492689974835457 51.87130998441546)
"206 The Willows, Leesdale, Ballincollig, Co. Cork",275000,3,1,88,51.89265999099828,-8.582239965248021,POINT (-8.582239965248021 51.89265999099828)
"Rectory Cottage Ministers Cross Cork, Model Farm Road, Co. Cork",320000,3,1,80,51.90044000000006,-8.413239999999973,POINT (-8.413239999999973 51.90044000000006)
"75 Harbour View Road, Knocknaheeny, Co. Cork",195000,3,1,72,51.906019990288655,-8.500870041782434,POINT (-8.500870041782434 51.906019990288655)
"4 Glencoo Lawn, Boreenmanna Road, Ballinlough, Co. Cork",535000,5,4,194,51.88974692740319,-8.448320141810003,POINT (-8.448320141810003 51.88974692740319)
"65 Palmbury Orchard, Togher, Togher (Cork City), Co. Cork",190000,2,1,57,51.87240998347869,-8.493430013066813,POINT (-8.493430013066813 51.87240998347869)
"15 O'Connell Crescent, Turners Cross, Turners Cross, Co. Cork",290000,3,2,80,51.88689001458087,-8.46717001333235,POINT (-8.46717001333235 51.88689001458087)
"Apartment 33, Block B, South Terrace Court, Cork City, Co. Cork",210000,2,1,50,51.89418998169441,-8.467079991692259,POINT (-8.467079991692259 51.89418998169441)
"16 Silverdale Road, Ballinlough, Ballinlough, Co. Cork",335000,3,2,118,51.60150000000005,-9.169299999999964,POINT (-9.169299999999964 51.601500000000044)
"5 Saint Dominick's Terrace, French's Quay, Cork City Centre",200000,2,1,49,51.8952396661649,-8.47722253270855,POINT (-8.47722253270855 51.8952396661649)
"18 Lower Barrack View, Shandon, Cork City, Co. Cork",170000,2,1,46,51.90509999259612,-8.475630035845398,POINT (-8.475630035845398 51.90509999259612)
"1 The Village, Parkgate, Frankfield, Douglas, Co. Cork",895000,6,5,269,51.86729999811729,-8.458449984182806,POINT (-8.458449984182806 51.86729999811729)
"61 Elden, Maryborough Hill, Douglas, Co. Cork",365000,2,2,107,51.8724980551392,-8.417646272037427,POINT (-8.417646272037427 51.8724980551392)
"20 Goldsmith's Avenue, Richmond Hill, Cork City, Co. Cork",195000,2,1,52,51.905390006446,-8.471509995158527,POINT (-8.471509995158527 51.905390006446)
"13 Post Office Avenue, Blackrock, Blackrock, Co. Cork",225000,2,1,69,51.896180013146335,-8.417839998573925,POINT (-8.417839998573925 51.896180013146335)
"32 Wilton Court, Wilton, Co. Cork",320000,4,2,109,51.87980998860664,-8.505589975279577,POINT (-8.505589975279577 51.87980998860664)
"164 Mount Agnes Road, Fairhill, Cork City, Co. Cork",190000,2,1,73,51.91118999007679,-8.489609960694622,POINT (-8.489609960694622 51.91118999007679)
"35 Chapelfield, Gurranabraher, Co. Cork",275000,2,3,97,51.90404999158534,-8.493349965891497,POINT (-8.493349965891497 51.90404999158534)
"22 Oakpark, Ballyhooly Road, Ballyvolane, Co. Cork",285000,3,2,93,51.91338001373848,-8.446399992539739,POINT (-8.446399992539739 51.913380013738475)
"5 North Abbey Square, North Mall, Cork City Centre",250000,3,2,91,51.90153998876994,-8.48132000699701,POINT (-8.48132000699701 51.90153998876994)
"98 East Avenue, Park Gate, Frankfield, Co. Cork",455000,4,3,146,51.87041999393628,-8.457980010871779,POINT (-8.457980010871779 51.87041999393628)
"6 Mount Vernon Terrace, Saint Lukes, St. Lukes, Co. Cork",285000,3,1,88,51.90621998249844,-8.460310012316484,POINT (-8.460310012316484 51.90621998249844)
"25 Seminary Walk, Farranree, Farranree, Co. Cork",175000,3,1,68,51.91358000594823,-8.477489980160016,POINT (-8.477489980160016 51.91358000594823)
"Rosemary, Lima Lawn, Magazine Road, Cork, Glasheen, Co. Cork",600000,3,1,97,51.88978533524552,-8.494481633962415,POINT (-8.494481633962415 51.88978533524552)
"35 Hollywood Estate, Blarney Road, Cork City, Co. Cork",220000,3,1,77,51.90101000103215,-8.51046002866255,POINT (-8.51046002866255 51.90101000103215)
"""Saint Joseph's"", Victoria Villas, Victoria Cross, Co. Cork",320000,3,1,116,51.89241000073608,-8.506190035727883,POINT (-8.506190035727883 51.89241000073608)
"16 Curraghconway Court, Ballycurreen, Frankfield, Co. Cork",285000,3,3,95,51.86740149882767,-8.472213170267828,POINT (-8.472213170267828 51.86740149882767)
"11 Springfield Estate, Mayfield, Mayfield, Co. Cork",285000,3,2,90,51.912940005731286,-8.433409970455529,POINT (-8.433409970455529 51.912940005731286)
"Apartment 2, The Pines, Wentworth Gardens, Wilton, Co. Cork",200000,2,1,63,51.92377998583194,-8.404329963216725,POINT (-8.404329963216725 51.92377998583194)
"9 Berryfield, Classes Lake, Ballincollig, Co. Cork",475000,4,3,131,51.88564999582508,-8.627039980435285,POINT (-8.627039980435285 51.88564999582508)
"Apt 2, Rutland Place, South Terrace, Cork, Cork City Centre",225000,2,2,67,51.89428000333453,-8.468359992126182,POINT (-8.468359992126182 51.89428000333453)
"41 Monastery Terrace, Blarney Road, Cork City, Co. Cork",325000,3,2,115,51.902040011203866,-8.502690004418923,POINT (-8.502690004418923 51.902040011203866)
"16 Church Avenue, Roman Street, Cork City, Co. Cork",220000,2,1,43,51.9042499837951,-8.475180011463891,POINT (-8.475180011463891 51.9042499837951)
"83 Ashmount Mews, Silversprings, Silversprings, Co. Cork",270000,3,3,93,51.90685998271539,-8.422730000886474,POINT (-8.422730000886474 51.90685998271539)
"24 Oakfield View, Glanmire, Co. Cork",295000,3,2,85,51.93583999384933,-8.38688998873667,POINT (-8.38688998873667 51.93583999384933)
"Gortaclohane, 6 Ferncliff Villas, Bellevue Park, St. Lukes, Co. Cork",585000,5,3,180,51.90515607094947,-8.463216528650939,POINT (-8.463216528650939 51.90515607094947)
"13 Charles Daly Road, Togher, Togher (Cork City), Co. Cork",265000,2,1,54,51.88037999993208,-8.486059973242732,POINT (-8.486059973242732 51.880379999932074)
"Apartment 4, The Old Quarry, Ballincollig, Co. Cork",270000,2,2,70,51.88561685943076,-8.615796703127275,POINT (-8.615796703127275 51.88561685943076)
"Franconia, 10 Roseville Terrace, Douglas, Co. Cork",275000,5,3,125,51.88963999128418,-8.460470022848085,POINT (-8.460470022848085 51.889639991284184)
"Apartment 8, Quay House, Cork City Centre",279000,2,2,67,51.90028999554937,-8.4719499612562,POINT (-8.4719499612562 51.90028999554937)
"Locmor, Fairy Lawn, The Lough, Cork, Cork City Centre",510000,3,2,104,51.8865000046261,-8.484960016089019,POINT (-8.484960016089019 51.8865000046261)
"2 The Well, Ballinlough Road, Ballinlough, Co. Cork",230000,2,1,60,51.88829000195875,-8.440090012010216,POINT (-8.440090012010216 51.88829000195875)
"59 Ardkeale, Mount Oval Village, Rochestown, Co. Cork",280000,2,2,71,51.87779000000006,-8.371579999999938,POINT (-8.371579999999938 51.87779000000006)
"Innisfree, Ardrostig, Waterfall, Co. Cork",750000,5,4,200,51.87678998889251,-8.523240000253196,POINT (-8.523240000253196 51.87678998889251)
"59 Ardkeale, Mount Oval Village, Douglas, Co. Cork",280000,2,2,71,51.87721000000005,-8.435929999999928,POINT (-8.435929999999928 51.87721000000005)
"Ardara, Hartland's Avenue, Glasheen, Co. Cork",295000,3,2,190,51.88653998630426,-8.489399994020062,POINT (-8.489399994020062 51.88653998630426)
"6 The Gardens, Douglas, Douglas, Co. Cork",240000,1,1,52,51.87578192366212,-8.433063165659712,POINT (-8.433063165659712 51.87578192366212)
"Apartment 28, Arcadia Hall, Cork City, Co. Cork",235000,4,2,75,51.902480019211055,-8.457309961531934,POINT (-8.457309961531934 51.902480019211055)
"113 Ros Árd, White's Cross, Co. Cork",275000,3,3,93,51.95313001608156,-8.424520040128613,POINT (-8.424520040128613 51.95313001608156)
"43 Old Avenue, Glanmire, Glanmire, Co. Cork",335000,4,3,119,51.931320010652456,-8.388429995807087,POINT (-8.388429995807087 51.931320010652456)
"15 The Crescent, Lios Cara, Killeens, Co. Cork",355000,4,3,147,51.92821837205904,-8.511915513461355,POINT (-8.511915513461355 51.92821837205904)
"6 Laureston Lawn, Tower, Blarney, Co. Cork",345000,3,2,99,51.92577001728387,-8.615970000911489,POINT (-8.615970000911489 51.92577001728387)
"336 Blarney Street, Cork City, Co. Cork",230000,3,1,81,51.90165000124912,-8.485490003826783,POINT (-8.485490003826783 51.90165000124912)
"11 Greenlodge, Maryborough Woods, Douglas, Co. Cork",210000,1,1,51,51.87168844455461,-8.4298915252317,POINT (-8.4298915252317 51.87168844455461)
"5 Windsor Cottages, Ballyhooly Road, Cork City, Co. Cork",225000,2,1,66,51.90690998076784,-8.458080006976644,POINT (-8.458080006976644 51.906909980767836)
"29 The Garnish, Lancaster Gate, Western Road, Co. Cork",370000,2,2,73,51.89588999929646,-8.483450016231956,POINT (-8.483450016231956 51.89588999929646)
"50 Opera Lane Apartment Development , Academy Street, Cork City, Cork City Centre",540000,2,1,120,51.89882001927998,-8.47288001723257,POINT (-8.47288001723257 51.89882001927998)
"Apt 7, Opera Lane Residences, Academy Street, Cork City, Cork City Centre",465000,2,2,91,51.89895799094345,-8.473136491197494,POINT (-8.473136491197494 51.89895799094345)
"84 Caisleán Grove, Ballincollig, Co. Cork",325000,3,3,88,51.88376000238759,-8.607209990083817,POINT (-8.607209990083817 51.88376000238759)
"25 Camden Wharf, Camden Quay, Cork City, Co. Cork",250000,2,1,54,51.90115999518949,-8.472329996746197,POINT (-8.472329996746197 51.90115999518949)
"Cranwell, 4 Palaceanne Lawn, Douglas, Co. Cork",425000,3,3,114,51.8835600101778,-8.458600020249662,POINT (-8.458600020249662 51.8835600101778)
"New Haven, Belvedere, Farmers Cross, Co. Cork",420000,3,2,169,51.85618113040433,-8.47670526776178,POINT (-8.47670526776178 51.85618113040433)
"Brandon, 1 Merlyn Lawn, Bishopstown, Co. Cork",390000,3,1,90,51.88034001825392,-8.516849972548357,POINT (-8.516849972548357 51.88034001825392)
"59 Ashmount Court, Silversprings, Cork City, Co. Cork",320000,4,3,120,51.90808998509687,-8.417949969143592,POINT (-8.417949969143592 51.908089985096865)
"Teach Dara, 26 Fitzgerald Place, Cork City, Co. Cork",240000,2,1,69,51.89249000600191,-8.463950021408465,POINT (-8.463950021408465 51.89249000600191)
"Castlewhite House, Castlewhite, Waterfall, Co. Cork",825000,5,1,282,51.85989999298933,-8.527994970105581,POINT (-8.527994970105581 51.85989999298933)
"Saint Anthony's, 51 Gould Street, Cork City, Co. Cork",180000,3,1,63,51.890550014511945,-8.483069980741988,POINT (-8.483069980741988 51.890550014511945)
"59 Willow Grove, Coolroe Heights, Ballincollig, Co. Cork",320000,3,3,93,51.88257999805853,-8.611360037984042,POINT (-8.611360037984042 51.88257999805853)
"Apartment E10, Edenhall, Model Farm Road, Co. Cork",179000,3,3,86,51.88975000376337,-8.537789978337372,POINT (-8.537789978337372 51.88975000376337)
"16 Ardfield Avenue, Grange, Douglas, Co. Cork",350000,3,3,100,51.86411998787156,-8.45088003596797,POINT (-8.45088003596797 51.86411998787156)
"Fairview, 66 Fairhill Drive, Fairhill, Co. Cork",265000,3,1,81,51.918259999676735,-8.493070010325425,POINT (-8.493070010325425 51.918259999676735)
"41 Kilbrody, Mount Oval, Rochestown, Co. Cork",410000,3,3,109,51.86646000569056,-8.406319994668621,POINT (-8.406319994668621 51.866460005690556)
"1 Tara Court, Glasheen, Co. Cork",550000,4,3,170,51.88655000267855,-8.495939973972696,POINT (-8.495939973972696 51.88655000267855)
"Apartment 214, River Towers, Cork City, Co. Cork",197000,2,2,71,51.896574064908144,-8.515925290432138,POINT (-8.515925290432138 51.896574064908144)
"Saint Josephs, Bishopstown Road, Wilton, Co. Cork",329000,4,2,165,51.88054998492848,-8.51342001394994,POINT (-8.51342001394994 51.88054998492848)
"Apartment 15, The Mill, Lower John Street, Cork City, Co. Cork",250000,2,1,66,51.90355001106093,-8.473730026033593,POINT (-8.473730026033593 51.90355001106093)
"4 Glyntown Road, Glanmire, Co. Cork",575000,4,3,148,51.925150007905984,-8.38350001181638,POINT (-8.38350001181638 51.925150007905984)
"11 Bridgefield Place, Curraheen Road, Bishopstown, Co. Cork",250000,2,1,70,51.88005000440407,-8.516600024195668,POINT (-8.516600024195668 51.88005000440407)
"170A Old Youghal Road, Cork City, Cork City, Co. Cork",160000,2,1,61,51.90703998408608,-8.460540011739596,POINT (-8.460540011739596 51.90703998408608)
"11 Meadow Grove Estate, Blackrock, Blackrock, Co. Cork",429000,4,2,132,51.89510000492217,-8.409460023236221,POINT (-8.409460023236221 51.89510000492217)
"2 Frederick Avenue, Crawford Gate, Blackrock, Co. Cork",420000,4,3,119,51.88691997988471,-8.40982002597758,POINT (-8.40982002597758 51.88691997988471)
"3 Lower Kensington, Rochestown, Rochestown, Co. Cork",650000,5,3,204,51.872519995957845,-8.398609984851731,POINT (-8.398609984851731 51.872519995957845)
"149 Leeview, Ballincollig, Co. Cork",275000,3,1,74,51.89255999489342,-8.582640033486598,POINT (-8.582640033486598 51.89255999489342)
"25 Pinecourt, Church Road, Blackrock, Co. Cork",175000,2,1,51,51.89361379911089,-8.420060454859552,POINT (-8.420060454859552 51.89361379911089)
"14 Holly House, Garrane Darra, Wilton, Co. Cork",250000,2,2,86,51.874072919630166,-8.516896316535714,POINT (-8.516896316535714 51.874072919630166)
"58 Church View, Ballincollig, Co. Cork",340000,4,2,122,51.88563000498601,-8.593440031909125,POINT (-8.593440031909125 51.88563000498601)
"Apartment 17, Castlejane Court, Glanmire, Co. Cork",195000,2,1,65,51.92356902062836,-8.408215356371784,POINT (-8.408215356371784 51.923569020628356)
"Lislee, 3 Saint Mary's Villas, Pouladuff, Co. Cork",375000,3,1,120,51.88790749945526,-8.482270680668664,POINT (-8.482270680668664 51.88790749945526)
"27 Innishmore Grove, Ballincollig, Co. Cork",225000,3,1,101,51.8909300080924,-8.609860012591753,POINT (-8.609860012591753 51.8909300080924)
"12 Hansborough, Belgrave Avenue, Cork City, Co. Cork",325000,5,3,164,51.90332998610256,-8.464540023572994,POINT (-8.464540023572994 51.90332998610256)
"3 Old Spangle Hill, Farranree, Farranree, Co. Cork",165000,3,1,70,51.91408583100008,-8.482451036999976,POINT (-8.482451036999976 51.91408583100008)
"69 The Lawn, Coolroe Meadows, Ballincollig, Co. Cork",290000,3,2,90,51.88346001407294,-8.61535996599838,POINT (-8.61535996599838 51.88346001407294)
"1A McCurtains Villas, College Road, Cork City, Co. Cork",240000,2,2,61,51.89295997931293,-8.48568999603657,POINT (-8.48568999603657 51.892959979312934)
"28 Evergreen Buildings, Cork City, Co. Cork",210000,2,1,41,51.894089985589545,-8.476019961981109,POINT (-8.476019961981109 51.894089985589545)
"Anfield, 8 The Rise, Greenvalley, Donnybrook, Co. Cork",330000,3,2,118,51.87694999942414,-8.527010012663453,POINT (-8.527010012663453 51.87694999942414)
"Anfield, 8 The Rise, Greenvalley, Douglas, Co. Cork",330000,3,2,118,51.8602599957307,-8.441730015185527,POINT (-8.441730015185527 51.8602599957307)
"14 Rock Cottages, North Mall, Cork City, Co. Cork",150000,2,1,45,51.90166999208819,-8.481269967035047,POINT (-8.481269967035047 51.90166999208819)
"29 Fort Hill, Moneygurney, Douglas, Co. Cork",295000,3,3,102,51.863220668605,-8.407517356504496,POINT (-8.407517356504496 51.863220668604995)
"52 Copper Valley Vue, Riverstown, Glanmire, Co. Cork",380000,4,3,129,51.929279981148085,-8.377339983534682,POINT (-8.377339983534682 51.929279981148085)
"3 Marble Hall Cottages, Ballinlough Road, Cork City, Co. Cork",295000,2,1,67,51.89047998371092,-8.461469983896933,POINT (-8.461469983896933 51.89047998371092)
"11 Ardfield Road, Grange, Grange, Co. Cork",335000,3,3,88,51.87372149846918,-8.645821289763235,POINT (-8.645821289763235 51.87372149846918)
"9 Wallace's Avenue, Ballinlough, Ballinlough, Co. Cork",325000,4,1,115,51.59600429077666,-9.155845939653728,POINT (-9.155845939653728 51.59600429077666)
"1A Montenotte Park, Montenotte, Co. Cork",495000,4,2,151,51.90793999093955,-8.450560014904738,POINT (-8.450560014904738 51.90793999093955)
"1 Lotabeg Farm, Lotabeg, Lota, Co. Cork",150000,3,2,116,51.91233001272769,-8.423340035799583,POINT (-8.423340035799583 51.91233001272769)
"39 Palmbury, Togher, Togher (Cork City), Co. Cork",220000,2,1,57,51.87138001521649,-8.493860004699712,POINT (-8.493860004699712 51.87138001521649)
"14 Woodbine Lawn, Inniscarra View, Ballincollig, Co. Cork",370000,3,2,120,51.886990010685736,-8.571940031168964,POINT (-8.571940031168964 51.886990010685736)
"12 Milford, Elm Park, Wilton, Co. Cork",355000,4,2,124,51.87258001038458,-8.500039981910987,POINT (-8.500039981910987 51.87258001038458)
"11 Ashburton Row, Gardiners Hill, St. Lukes, Co. Cork",180000,3,2,78,51.90921999137348,-8.450660011009631,POINT (-8.450660011009631 51.909219991373476)
"47 Westbury Estate, Wilton, Wilton, Co. Cork",265000,3,1,98,51.87317998701389,-8.50439002202097,POINT (-8.50439002202097 51.873179987013884)
"28 Highfield Square, Ballincollig, Co. Cork",279000,2,2,81,51.88384000765339,-8.57530000087587,POINT (-8.57530000087587 51.88384000765339)
"4 City View Terrace, Winters Hill, Cork City, Co. Cork",165000,2,1,46,51.90146999987843,-8.48463999502576,POINT (-8.48463999502576 51.90146999987843)
"8 Marian Ville, Saint Lukes, Cork City, Co. Cork",225000,2,1,63,51.90647001467016,-8.45929999298383,POINT (-8.45929999298383 51.90647001467016)
"Pemberly, Alexandra Road, St. Lukes, Co. Cork",685000,5,4,236,51.90508000175706,-8.458210010294891,POINT (-8.458210010294891 51.90508000175706)
"9 Ard Na Laoi Montenotte Cork, Montenotte, Co. Cork",440000,4,3,140,51.90680001019817,-8.451450005383919,POINT (-8.451450005383919 51.90680001019817)
"21 Bellvue Court, Cork City, Co. Cork",225000,3,1,96,51.90655001993596,-8.462289985484574,POINT (-8.462289985484574 51.90655001993596)
"Llamedos, 3 Palmbury, Togher, Co. Cork",240000,3,1,79,51.87115999025812,-8.49595003225653,POINT (-8.49595003225653 51.87115999025812)
"15 Heatherton Park, South Douglas Road, Douglas, Co. Cork",320000,3,1,89,51.882260018904816,-8.457789993126767,POINT (-8.457789993126767 51.882260018904816)
"137 Saint Michael's Road, Farranree, Farranree, Co. Cork",195000,2,1,61,51.91550000659913,-8.475400036422258,POINT (-8.475400036422258 51.91550000659913)
"4 Red Abbey Court, Margaret Street, Cork City, Co. Cork",350000,3,2,78,51.89418000722964,-8.470780015210977,POINT (-8.470780015210977 51.894180007229636)
"Apartment 43, Distillery Court, Ballincollig, Co. Cork",265000,2,2,76,51.88399504102605,-8.590660027793419,POINT (-8.590660027793419 51.88399504102605)
"11 Old Quarry, Ballincollig, Co. Cork",270000,2,2,82,51.88561685943076,-8.615796703127275,POINT (-8.615796703127275 51.88561685943076)
"Saint Joseph's, 31 Clareville Estate, Cork City, Co. Cork",345000,3,1,87,51.88581998082148,-8.481060000360515,POINT (-8.481060000360515 51.88581998082148)
"1 Belgard Downs, Rochestown Road, Rochestown, Co. Cork",285000,3,1,77,51.87774944861152,-8.372337065633237,POINT (-8.372337065633237 51.87774944861152)
"Apartment 29, Arcadia Hall, Cork City, Co. Cork",185000,3,1,75,51.902480019211055,-8.457309961531934,POINT (-8.457309961531934 51.902480019211055)
"2 Lower View Ville, Strawberry Hill, Sunday's Well, Co. Cork",325000,3,2,107,51.89918999648614,-8.501879977296056,POINT (-8.501879977296056 51.89918999648614)
"5 Glen Mervyn, Glanmire, Co. Cork",225000,1,1,60,51.92694000000006,-8.399309999999957,POINT (-8.399309999999957 51.92694000000006)
"318 Old Youghal Road, Mayfield, Co. Cork",175000,2,1,57,51.913970015902976,-8.432170035518794,POINT (-8.432170035518794 51.913970015902976)
"176 The Willows, Willowcourt, Ballincollig, Co. Cork",270000,3,1,88,51.89311998984456,-8.580740023674792,POINT (-8.580740023674792 51.893119989844564)
"54 Alderbrook, Frankfield, Douglas, Co. Cork",295000,3,2,106,51.86974998650595,-8.473029969480365,POINT (-8.473029969480365 51.86974998650595)
"55 An Radharc Maryborough Ridge Douglas Cork, Douglas, Co. Cork",365000,3,3,131,51.86276999854613,-8.417479995832537,POINT (-8.417479995832537 51.86276999854613)
"Curraheen Road, Bishopstown, Co. Cork",545000,3,2,102,51.879800000000046,-8.517149999999958,POINT (-8.517149999999958 51.879800000000046)
"35 Laburnum Lawn, Model Farm Road, Co. Cork",355000,3,2,120,51.88679001847598,-8.511880006879522,POINT (-8.511880006879522 51.88679001847598)
"42 Delford Drive, Rochestown Road, Rochestown, Co. Cork",320000,3,1,83,51.87774944861152,-8.372337065633237,POINT (-8.372337065633237 51.87774944861152)
"24 The Lodge, Classes Lake, Ballincollig, Co. Cork",245000,2,2,63,51.88273436463609,-8.62721982467717,POINT (-8.62721982467717 51.88273436463609)
"14 Old Court, Greenfields, Ballincollig, Co. Cork",520000,4,3,122,51.88105998182718,-8.61758997133822,POINT (-8.61758997133822 51.88105998182718)
"48 Hollyville, Grange, Grange, Co. Cork",250000,2,3,94,51.90368998884395,-8.507629962874404,POINT (-8.507629962874404 51.90368998884395)
"Bettyville, 85 Bride Valley View, Fairhill, Co. Cork",220000,3,1,91,51.9166600200891,-8.491119960551686,POINT (-8.491119960551686 51.9166600200891)
"The Gables, 31 Byefield Park, Mayfield, Co. Cork",375000,4,2,127,51.91228998914002,-8.43156997507046,POINT (-8.43156997507046 51.91228998914002)
"6 Aras Na H-Ollscoile, Sheares Street, Cork City, Co. Cork",159000,2,1,50,51.898159986314425,-8.481699958667946,POINT (-8.481699958667946 51.898159986314425)
"9 Bellair Close, Bellair Estate, Douglas, Co. Cork",280000,2,1,66,51.88953999517929,-8.454739986199286,POINT (-8.454739986199286 51.88953999517929)
"9 Mount View Terrace, Ballyhooly Road, St. Lukes, Co. Cork",260000,5,2,133,51.906919997142126,-8.457199990962266,POINT (-8.457199990962266 51.906919997142126)
"17 The Oaks, Maryborough Ridge, Douglas, Co. Cork",285000,3,3,115,51.862959862029214,-8.413619337110868,POINT (-8.413619337110868 51.862959862029214)
"51 White Oaks, Wilton, Wilton, Co. Cork",275000,3,1,90,51.8736100205563,-8.507659970087786,POINT (-8.507659970087786 51.8736100205563)
"18 Mahon Park, Blackrock, Co. Cork",230000,2,1,71,51.89372000838338,-8.405639970864001,POINT (-8.405639970864001 51.89372000838338)
"45 Stockton Close, Grange, Grange, Co. Cork",350000,4,2,92,51.86864998744272,-8.450000019953592,POINT (-8.450000019953592 51.86864998744272)
"3 Sullivan's Lane, Barrack Street, Cork City, Co. Cork",155000,2,1,45,51.89293998847387,-8.478950023874148,POINT (-8.478950023874148 51.89293998847387)
"8 Ardeevin, Ballinlough Road, Ballinlough, Co. Cork",249000,3,1,60,51.60150000000005,-9.169299999999964,POINT (-9.169299999999964 51.601500000000044)
"19 Glengarriff Road, Fairhill, Fairhill, Co. Cork",200000,3,1,80,51.90979000269891,-8.48712003253732,POINT (-8.48712003253732 51.90979000269891)
"4 Nelsons Terrace, Lower Glanmire Road, Cork City, Co. Cork",285000,3,2,173,51.902940018057336,-8.45322998634225,POINT (-8.45322998634225 51.902940018057336)
"34 Halldene Estate, Curraheen Road, Bishopstown, Co. Cork",395000,4,2,150,51.88005000440407,-8.516600024195668,POINT (-8.516600024195668 51.88005000440407)
"3 Woodford, Melbourn Road, Bishopstown, Co. Cork",275000,3,1,79,51.80178000209935,-8.30356004103254,POINT (-8.30356004103254 51.80178000209935)
"19 Inniscarra Road, Fairhill, Fairhill, Co. Cork",220000,3,1,80,51.90842999699919,-8.485220022725514,POINT (-8.485220022725514 51.90842999699919)
"34 Inchera Lawn, Mahon, Mahon, Co. Cork",220000,3,1,78,51.88939000102198,-8.398040015435782,POINT (-8.398040015435782 51.88939000102198)
"39 Blarney Street, Cork City, Co. Cork",195000,4,2,80,51.90186000983317,-8.482850039602653,POINT (-8.482850039602653 51.90186000983317)
"3 The Lawn, Coolroe Meadows, Ballincollig, Co. Cork",330000,3,3,90,51.88566998666417,-8.619140036692443,POINT (-8.619140036692443 51.88566998666417)
"20 Denroches Cross, Glasheen, Co. Cork",215000,3,1,58,51.890550014511945,-8.488540010754264,POINT (-8.488540010754264 51.890550014511945)
"4 Leeview Terrace, Blarney Street, Cork City, Co. Cork",145000,2,1,43,51.90140998545169,-8.484769998344007,POINT (-8.484769998344007 51.90140998545169)
"50 Greenhills Court, South Douglas Road, Douglas, Co. Cork",235000,3,2,95,51.87924001919069,-8.452600002499565,POINT (-8.452600002499565 51.87924001919069)
"131 Curragh Woods, Frankfield, Co. Cork",320000,3,2,92,51.864969996672585,-8.474149959382657,POINT (-8.474149959382657 51.864969996672585)
"94 East Avenue, Park Gate, Frankfield, Co. Cork",425000,4,3,118,51.87056001362882,-8.458560038571505,POINT (-8.458560038571505 51.87056001362882)
"81 Cardinal Court, Wilton, Wilton, Co. Cork",290000,3,2,82,51.87731000216553,-8.511399975284661,POINT (-8.511399975284661 51.87731000216553)
"72 Sonata, Hartys Quay, Rochestown, Co. Cork",230000,1,1,61,51.87885998370072,-8.393459975902658,POINT (-8.393459975902658 51.87885998370072)
"Apt 14, Copley Hall, Cotters Street, Cork, Cork City Centre",210000,1,1,45,51.895000008817306,-8.46582999847169,POINT (-8.46582999847169 51.895000008817306)
"22 The Elms, Classes Lake, Ballincollig, Co. Cork",270000,3,2,85,51.88435000455209,-8.630779985632188,POINT (-8.630779985632188 51.88435000455209)
"6 Rosslee, Melbourn Road, Bishopstown, Co. Cork",275000,3,2,92,51.88568000303846,-8.531159976744647,POINT (-8.531159976744647 51.88568000303846)
"63 West Avenue, Park Gate, Douglas, Co. Cork",319000,3,2,99,51.869130019037584,-8.460990036121103,POINT (-8.460990036121103 51.869130019037584)
"42 The Lawn, Coolroe Meadows, Ballincollig, Co. Cork",330000,3,3,93,51.882530000006085,-8.61328997119017,POINT (-8.61328997119017 51.882530000006085)
"Eden, Templeusque, Glanmire, Co. Cork",595000,4,4,260,51.96714000000003,-8.410399999999981,POINT (-8.410399999999981 51.96714000000003)
"37 Rivergrove, Riverstown, Glanmire, Co. Cork",335000,4,3,117,51.92697001245196,-8.385590039373199,POINT (-8.385590039373199 51.92697001245196)
"Clonbar House, Curraheen Road, Bishopstown, Cork City, Co. Cork",600000,5,2,173,51.87374999833935,-8.540230034170776,POINT (-8.540230034170776 51.87374999833935)
"Apt 1, 2 & 3, Apartment 1, 123 Lower Glanmire Road, Glanmire, Co. Cork",320000,6,3,344,51.90158104144005,-8.463114193649918,POINT (-8.463114193649918 51.90158104144005)
"43 Lindville, Blackrock Road, Blackrock, Co. Cork",830000,5,4,178,51.89598999540135,-8.437170008401012,POINT (-8.437170008401012 51.89598999540135)
"20 Ardpatrick Close, Cork City, Co. Cork",310000,4,3,132,51.90044000000006,-8.413239999999973,POINT (-8.413239999999973 51.90044000000006)
"7 The Maples, Frankfield, Frankfield, Co. Cork",445000,4,3,123,51.867349996169736,-8.4657399768316,POINT (-8.4657399768316 51.867349996169736)
"7 Croaghtamore Square, Glasheen Road, Glasheen, Co. Cork",225000,3,1,67,51.89026000066207,-8.488719970215442,POINT (-8.488719970215442 51.89026000066207)
"24 Ardfield Green, Grange, Grange, Co. Cork",335000,3,3,88,51.86337999154972,-8.451069969893922,POINT (-8.451069969893922 51.86337999154972)
"Padre Pio 113 Harbour View Road, Knocknaheeny, Co. Cork",195000,3,1,75,51.905520009764246,-8.502620015527413,POINT (-8.502620015527413 51.905520009764246)
"Apartment 2, Brideholm, Cork City, Co. Cork",220000,2,2,60,51.91955999094972,-8.484000036718328,POINT (-8.484000036718328 51.91955999094972)
"Apartment 81, Tivoli Woods, Tivoli, Co. Cork",255000,2,2,70,51.90552000000008,-8.41080999999997,POINT (-8.41080999999997 51.90552000000008)
"21 The Sherkin, Lancaster Gate, Cork City, Co. Cork",550000,2,2,85,51.89588999929646,-8.483450016231956,POINT (-8.483450016231956 51.89588999929646)
"4 Coppingers Crescent, Coppingers Court, Cork City, Co. Cork",189000,1,1,43,51.817539991725965,-8.391050011101669,POINT (-8.391050011101669 51.817539991725965)
"15 Hollyhill Lane, Blarney Street, Cork City, Co. Cork",235000,2,2,71,51.90209998372109,-8.503359969939737,POINT (-8.503359969939737 51.90209998372109)
"5 Bishopscourt Way, Bishopstown, Co. Cork",420000,4,2,142,51.87841000122876,-8.513929968939124,POINT (-8.513929968939124 51.87841000122876)
"34 Orchard Court, Blackpool, Cork City, Co. Cork",100000,1,1,47,51.9129027980954,-8.474091447736468,POINT (-8.474091447736468 51.9129027980954)
"""The Four Fountains"", Ballinora, Waterfall, Cork City, Co. Cork",635000,5,5,263,51.87179001601029,-8.570379991349938,POINT (-8.570379991349938 51.871790016010294)
"7 Camden Court, Knapps Square, Cork City, Cork City, Co. Cork",175000,2,1,57,51.90166999208819,-8.473149998333838,POINT (-8.473149998333838 51.90166999208819)
"Coolyduff, Inniscarra, Co. Cork",625000,5,5,216,51.894448249874685,-8.60788561099433,POINT (-8.60788561099433 51.894448249874685)
"13 Clifton Estate, Ballintemple, Ballintemple, Co. Cork",425000,3,2,107,51.6217400927134,-8.849977343902957,POINT (-8.849977343902957 51.6217400927134)
"1 Peter O'Donovan Crescent, Ballincollig, Co. Cork",300000,6,2,131,51.88976999460243,-8.609530017063747,POINT (-8.609530017063747 51.88976999460243)
"229 Eagle Valley, Sarsfield Road, Wilton, Co. Cork",280000,3,3,95,51.873639985860166,-8.51441997499876,POINT (-8.51441997499876 51.873639985860166)
"Kilbrin, Woodview, Douglas, Co. Cork",1250000,4,4,254,51.88128998125032,-8.44084999917115,POINT (-8.44084999917115 51.88128998125032)
"28 Tower Street, Cork City, Co. Cork",199000,2,1,66,51.892099996047136,-8.474030014348244,POINT (-8.474030014348244 51.892099996047136)
"Hill House, Coolflugh, Cloghroe, Blarney, Co. Cork",420000,4,3,176,51.92043210999983,-8.618616435084931,POINT (-8.618616435084931 51.92043210999983)
"Killeshin, 20 Endsleigh Estate, Douglas, Co. Cork",575000,4,2,151,51.883189991062125,-8.441800004077038,POINT (-8.441800004077038 51.883189991062125)
"10 Sheare's Park, Glasheen Road, Glasheen, Co. Cork",280000,3,1,87,51.88548998529348,-8.503189984943333,POINT (-8.503189984943333 51.885489985293475)
"16 Heathervue, Glanmire, Co. Cork",330000,4,2,118,51.92636001944837,-8.398110004327322,POINT (-8.398110004327322 51.92636001944837)
"7 Nutgrove Mews, Maryborough Woods, Douglas, Co. Cork",315000,3,3,109,51.86956998513526,-8.431739960066864,POINT (-8.431739960066864 51.86956998513526)
"9 Bridgefield Grove, Curraheen Road, Bishopstown, Co. Cork",370000,3,3,95,51.88005000440407,-8.516600024195668,POINT (-8.516600024195668 51.88005000440407)
"Aisling, Rossa Avenue, Bishopstown, Co. Cork",395000,4,1,91,51.88103001652334,-8.530000005164197,POINT (-8.530000005164197 51.88103001652334)
"5 Hillside Avenue, Glasheen, Glasheen, Co. Cork",365000,3,2,160,51.88538001472381,-8.493850030234938,POINT (-8.493850030234938 51.88538001472381)
"5 Avoncourt, Ballincollig, Co. Cork",330000,4,2,123,51.88525001140556,-8.612599972920776,POINT (-8.612599972920776 51.88525001140556)
"Apartment 38, Distillery Court, Ballincollig, Co. Cork",249000,2,2,53,51.88399504102605,-8.590660027793419,POINT (-8.590660027793419 51.88399504102605)
"8 Churchyard Lane, Ballintemple, Co. Cork",315000,2,2,78,51.894620015236825,-8.434299960934709,POINT (-8.434299960934709 51.894620015236825)
"29 Ryecroft, Maryborough Woods, Douglas, Co. Cork",425000,4,3,115,51.87054999725453,-8.433539973773776,POINT (-8.433539973773776 51.87054999725453)
"37 Pinewood, Elm Park, Wilton, Co. Cork",265000,3,1,91,51.87250997958356,-8.50279997498859,POINT (-8.50279997498859 51.872509979583555)
"71 Barrack Street, Cork City, Co. Cork",225000,3,1,71,51.8927500126384,-8.480089962706018,POINT (-8.480089962706018 51.8927500126384)
"Loughmahon View, The Close, Rochestown, Co. Cork",520000,2,2,108,51.87491998629409,-8.4061800168856,POINT (-8.4061800168856 51.87491998629409)
"Dun Padraig, 15 Bishopstown Avenue, Model Farm Road, Co. Cork",1250000,5,4,191,51.88587999524822,-8.513970034436312,POINT (-8.513970034436312 51.88587999524822)
"4 Shournagh Drive, Blarney, Co. Cork",429500,4,3,150,51.93106000401593,-8.592599997572876,POINT (-8.592599997572876 51.93106000401593)
"2 The Garnish, Lancaster Gate, Western Road, Co. Cork",365000,2,2,73,51.89588999929646,-8.483450016231956,POINT (-8.483450016231956 51.89588999929646)
"22 Iona Place, Mayfield, Co. Cork",260000,3,1,72,51.909150002481965,-8.434589974784558,POINT (-8.434589974784558 51.909150002481965)
"Apartment 107, Atkins Hall, Cork City, Co. Cork",220000,2,1,65,51.89622269077401,-8.513515819679442,POINT (-8.513515819679442 51.89622269077401)
"Apartment 415, River Towers, Lee Road",185000,2,2,61,-23.60553999999996,-46.70024999999998,POINT (-46.70024999999998 -23.605539999999962)
"2 The Beeches, Blarney, Co. Cork",625000,4,3,189,51.940138219373566,-8.567901577415407,POINT (-8.567901577415407 51.940138219373566)
"146 The Haven, Jacob's Island, Mahon, Co. Cork",285000,3,2,125,51.88172965649736,-8.39654743575432,POINT (-8.39654743575432 51.88172965649736)
"Ringmahon, 1 Highfield Lawn, Model Farm Road, Co. Cork",495000,3,2,135,51.88681000931504,-8.517190026360197,POINT (-8.517190026360197 51.88681000931504)
"Rosanna House, Rosanna, Lee Road",975000,5,3,298,51.90388998105371,-8.5537799673871,POINT (-8.5537799673871 51.90388998105371)
"The Moorings, Woodhill Park, Tivoli, Co. Cork",690000,4,5,203,51.90393000464138,-8.434849981421081,POINT (-8.434849981421081 51.90393000464138)
"37 The Sycamores, Classes Lake, Ballincollig, Co. Cork",295000,3,2,84,51.88686998183226,-8.62644000380601,POINT (-8.62644000380601 51.88686998183226)
"Cruac Pé¡draig, 55 Beechwood Park, Ballinlough, Co. Cork",415000,3,2,107,51.88701000152483,-8.445670012592188,POINT (-8.445670012592188 51.88701000152483)
"34 Ballyhooly Road, Cork City, Co. Cork",235000,2,1,63,51.90859000753079,-8.455269973937078,POINT (-8.455269973937078 51.90859000753079)
"Sallybrook, Glanmire, Co. Cork",385000,3,2,124,51.94056000000006,-8.397009999999966,POINT (-8.397009999999966 51.94056000000006)
"1 The View, Lover's Walk, Montenotte, Cork City, Co. Cork",975000,4,3,276,51.904689991802286,-8.445589965416872,POINT (-8.445589965416872 51.904689991802286)
"Inagh, 12 The Grove, Shanakiel, Co. Cork",450000,4,2,131,51.89841999295095,-8.50284004048578,POINT (-8.50284004048578 51.89841999295095)
"125 Curragh Woods, Frankfield, Frankfield, Co. Cork",335000,3,2,94,51.865130007204186,-8.47354000828858,POINT (-8.47354000828858 51.865130007204186)
"40 Cherry Lawn, Church Road, Blackrock, Co. Cork",265000,2,2,73,51.89140999777774,-8.415359961062364,POINT (-8.415359961062364 51.89140999777774)
"Majella, 39 Farranlea Grove, Model Farm Road, Co. Cork",395000,3,1,97,51.88988998154639,-8.512660026789007,POINT (-8.512660026789007 51.88988998154639)
"Avonlee, 68, Model Farm Road, Co. Cork",395000,3,1,104,51.88855998306002,-8.516040029244522,POINT (-8.516040029244522 51.88855998306002)
"San Antoine, 21 Lansdowne Court, Cork City, Co. Cork",240000,3,2,104,51.90614001914213,-8.470260001937987,POINT (-8.470260001937987 51.90614001914213)
"24 The Cloisters, Ballincollig, Co. Cork",320000,3,3,85,51.88499997923384,-8.576150009676894,POINT (-8.576150009676894 51.88499997923384)
"17 Camden Court, Carroll's Quay, Cork City, Co. Cork",160000,2,1,53,51.9021901943874,-8.472919998910697,POINT (-8.472919998910697 51.9021901943874)
"20 Brookwood, Ballyvolane, Ballyvolane, Co. Cork",329000,3,3,114,51.92351997919545,-8.458100039725252,POINT (-8.458100039725252 51.92351997919545)
"25 Cherry Walk, Muskerry Estate, Ballincollig, Co. Cork",415000,4,3,170,51.886459981038456,-8.597810020948685,POINT (-8.597810020948685 51.886459981038456)
"The Lodge, Hop Island, Rochestown, Co. Cork",715000,4,1,163,51.8799099847115,-8.38051999378041,POINT (-8.38051999378041 51.8799099847115)
"Glashaboy Heights, Sallybrook, Glanmire, Co. Cork",370000,3,3,105,51.92694000000006,-8.399309999999957,POINT (-8.399309999999957 51.92694000000006)
"Marden, 2 Rosegreen Avenue, Blackrock, Co. Cork",485000,3,2,101,51.8909300080924,-8.423770027432482,POINT (-8.423770027432482 51.8909300080924)
"Sleepy Hollow, Barrington's Avenue, Blackrock, Co. Cork",925000,3,2,259,51.89790461135368,-8.428654558760314,POINT (-8.428654558760314 51.897904611353674)
"Loughannon, Ardrostig, Waterfall, Co. Cork",575000,4,2,125,51.85483000000005,-8.55457999999993,POINT (-8.55457999999993 51.85483000000005)
"Apartment 44, Arcadia Hall, Cork City, Co. Cork",200000,3,1,84,51.902480019211055,-8.457309961531934,POINT (-8.457309961531934 51.902480019211055)
"Apartment 18, Douglas Wells, Well Road, Douglas, Co. Cork",380000,2,2,99,51.87998001551256,-8.437509978393791,POINT (-8.437509978393791 51.87998001551256)
"5 Victoria Villas, Western Road, Cork City, Co. Cork",295000,2,1,109,51.894369983065104,-8.504149964314024,POINT (-8.504149964314024 51.894369983065104)
"41 The Fastnet, Lancaster Gate, Western Road, Co. Cork",480000,2,2,66,51.89588999929646,-8.483450016231956,POINT (-8.483450016231956 51.89588999929646)
"153 Blarney Street, Cork City, Co. Cork",220000,4,1,93,51.90102999187121,-8.494139960265784,POINT (-8.494139960265784 51.90102999187121)
"12 Briarscourt, Shanakiel, Cork City, Co. Cork",195000,3,1,80,51.90053998581158,-8.504829988118644,POINT (-8.504829988118644 51.90053998581158)
"68 Longshore Drive, Jacob's Island, Cork City, Co. Cork",425000,4,3,141,51.88259001443282,-8.393480008651267,POINT (-8.393480008651267 51.88259001443282)
"1 Farranlea Park, Model Farm Road, Model Farm Road, Co. Cork",695000,4,2,148,51.89093998255717,-8.515169987694918,POINT (-8.515169987694918 51.89093998255717)
"HUMPHREY HOGAN & ASSOCIATES, Tower Cross, Blarney, Co. Cork",380000,3,1,98,51.925336094772064,-8.60736729380626,POINT (-8.60736729380626 51.925336094772064)
"Tower Village, Blarney, Co. Cork",380000,3,1,98,51.92813119259731,-8.6146054889772,POINT (-8.6146054889772 51.92813119259731)
"The Lodge, 1 Riverview Terrace, Grattan Hill, Cork, St. Lukes, Co. Cork",220000,2,1,70,51.864390010882346,-8.332980018264152,POINT (-8.332980018264152 51.864390010882346)
"24 Bellevue Court, Old Youghal Road, Dillons Cross, Co. Cork",240000,3,1,95,51.906780019359104,-8.461839961103095,POINT (-8.461839961103095 51.906780019359104)
"Apartment 3 Abbey House13 North Mall, Cork City, Co. Cork",525000,2,2,120,51.89416001639057,-8.474650023726127,POINT (-8.474650023726127 51.89416001639057)
"4 Cúil Chluthair, Sarsfield Court, Glanmire, Co. Cork",845000,5,4,300,51.94750001744717,-8.395420000141229,POINT (-8.395420000141229 51.94750001744717)
"228 Cathedral Road, Gurranabraher, Co. Cork",170000,3,1,72,51.90361999995244,-8.491929987674553,POINT (-8.491929987674553 51.90361999995244)
"12 Manor Drive, Thornbury Heights, Rochestown, Co. Cork",425000,4,1,119,51.87588998203907,-8.392499996531996,POINT (-8.392499996531996 51.87588998203907)
"5 Keysers Court, French's Quay, Cork City, Cork City Centre",250000,2,1,54,51.89513998660033,-8.47676997467724,POINT (-8.47676997467724 51.89513998660033)
"6 Old Friary Place, Shandon Street, Cork City, Co. Cork",240000,3,1,74,51.90242000478432,-8.477770019545119,POINT (-8.477770019545119 51.90242000478432)
"Apartment 1, Parnell House, Cork City, Co. Cork",285000,2,1,87,51.88853999222096,-8.481770031378488,POINT (-8.481770031378488 51.888539992220956)
"3 The Cottages, Glanmire Village, Glanmire, Co. Cork",120000,2,1,64,51.91824000883764,-8.394939968546367,POINT (-8.394939968546367 51.91824000883764)
"2 The Cottages, Glanmire Village, Glanmire, Co. Cork",120000,2,1,56,51.91824000883764,-8.394939968546367,POINT (-8.394939968546367 51.91824000883764)
"1 The Cottages, Glanmire Village, Glanmire, Co. Cork",120000,2,1,54,51.91824000883764,-8.394939968546367,POINT (-8.394939968546367 51.91824000883764)
"Carlisle, 41 Barnavara Crescent, Mayfield, Co. Cork",210000,3,1,90,51.91730002030605,-8.428310001468418,POINT (-8.428310001468418 51.917300020306044)
"149 Elm Park, Wilton, Wilton, Co. Cork",185000,2,1,55,51.871419996894616,-8.503840001534599,POINT (-8.503840001534599 51.871419996894616)
"1 Golden Villas Terrace, Commons Road, Blackpool, Co. Cork",245000,3,1,91,51.91446999642741,-8.474729987082412,POINT (-8.474729987082412 51.914469996427414)
"Olympic Torch, 21 Hillview Drive, Blackpool, Co. Cork",275000,4,2,101,51.91939000595332,-8.48602996602935,POINT (-8.48602996602935 51.91939000595332)
"20 Mary Street and Adjoining Development Site, Cork City, Co. Cork",285000,2,2,63,51.89396999864559,-8.472929973375471,POINT (-8.472929973375471 51.89396999864559)
"38 The Garnish, Lancaster Gate, Lancaster Quay, Cork, Cork City Centre",395000,2,2,76,51.896777006337246,-8.48362986908069,POINT (-8.48362986908069 51.896777006337246)
"56 Thorndale Estate, Dublin Hill, Blackpool, Co. Cork",235000,3,1,82,51.92100000191528,-8.4641699625478,POINT (-8.4641699625478 51.921000001915274)
"Maglin, Ballincollig, Co. Cork",295000,3,1,63,51.88119686823927,-8.592961460750827,POINT (-8.592961460750827 51.88119686823927)
"7 Saint Bridget's Villas, Ballyhooly Road, St. Lukes, Co. Cork",240000,3,1,72,51.9084999858907,-8.455780012745322,POINT (-8.455780012745322 51.9084999858907)
"22 Orchard Court, Blackpool, Blackpool, Co. Cork",150000,3,2,89,51.91251998856316,-8.47351997554,POINT (-8.47351997554 51.91251998856316)
"Meadowlands, Rochestown, Co. Cork",735000,4,3,166,51.8702818810242,-8.365802063304798,POINT (-8.365802063304798 51.8702818810242)
"33 Wyndham Downs, Ballincollig, Co. Cork",460000,5,2,163,51.88589001162251,-8.620579963838964,POINT (-8.620579963838964 51.88589001162251)
"10 Altus, Sunday's Well Road, Sunday's Well, Co. Cork",410000,2,2,98,51.90099998465786,-8.485539959969714,POINT (-8.485539959969714 51.90099998465786)
"Cárthaigh, 8 Churchfield Place East, Churchfield, Co. Cork",197000,3,1,69,51.90826001200279,-8.491550036003616,POINT (-8.491550036003616 51.908260012002785)
"Com Dhíneol, 65 Westcourt, Ballincollig, Co. Cork",395000,3,1,155,51.887569996475975,-8.616469981435898,POINT (-8.616469981435898 51.887569996475975)
"Apartment 7, North Abbey Hall, North Abbey Street, Cork City, Co. Cork",220000,2,2,62,51.90171001567586,-8.480569994300879,POINT (-8.480569994300879 51.90171001567586)
"Wayside, Rossa Avenue, Bishopstown, Co. Cork",615000,4,3,148,51.88233000779633,-8.530239979052084,POINT (-8.530239979052084 51.88233000779633)
"28 Highfield Square, Ballincollig, Co. Cork",279000,2,2,81,51.88384000765339,-8.57530000087587,POINT (-8.57530000087587 51.88384000765339)
"12 Cove Street, Cork City, Co. Cork",380000,4,2,121,51.89480001660752,-8.47426998823613,POINT (-8.47426998823613 51.89480001660752)
"1 James Connolly Place, Donnybrook, Douglas, Co. Cork",249500,3,1,70,51.86508000915174,-8.43946002816756,POINT (-8.43946002816756 51.86508000915174)
"14 Rochestown Rise, Rochestown Road, Cork, Rochestown, Co. Cork",575000,5,3,226,51.874389998556296,-8.414290011122034,POINT (-8.414290011122034 51.874389998556296)
"19 Granary Hall, Mount Oval, Rochestown, Rochestown, Co. Cork",235000,2,3,73,51.87754787863541,-8.375151137943497,POINT (-8.375151137943497 51.87754787863541)
"48 Commons Road, Cork, Blackpool, Co. Cork",140000,2,1,57,51.91364002037497,-8.475080015359026,POINT (-8.475080015359026 51.91364002037497)
"53 Lower Pouladuff Road, Pouladuff, Co. Cork",259000,2,1,53,51.88028257384014,-8.484326623342511,POINT (-8.484326623342511 51.88028257384014)
"Apartment 3, Abbey House, Cork City, Co. Cork",525000,2,2,120,51.89416001639057,-8.474650023726127,POINT (-8.474650023726127 51.89416001639057)
"23 The Fastnet, Lancaster Gate, Lancaster Quay, Cork, Cork City Centre",425000,2,2,69,51.896777006337246,-8.48362986908069,POINT (-8.48362986908069 51.896777006337246)
"4 Clifton Villas, Middle Glanmire Road, Montenotte, Cork City, Co. Cork",375000,6,3,215,51.90486999317298,-8.446509963109406,POINT (-8.446509963109406 51.90486999317298)
"14 Ballinure Cottages, Blackrock, Mahon, Co. Cork",245000,4,2,107,51.89011998096953,-8.40258996393652,POINT (-8.40258996393652 51.89011998096953)
"Laurels, 53 Sunday's Well Road, Sunday's Well, Co. Cork",500000,3,2,150,51.89774998552062,-8.498039975994288,POINT (-8.498039975994288 51.89774998552062)
"47 Uam Var Drive, Bishopstown, Bishopstown, Co. Cork",350000,3,1,84,51.878069989326434,-8.535220003004753,POINT (-8.535220003004753 51.878069989326434)
"7 Dublin Hill Lower, Blackpool, Co. Cork",200000,3,1,78,51.91509998027007,-8.469539996455211,POINT (-8.469539996455211 51.91509998027007)
"1A The Village, Glasheen, Co. Cork",270000,3,2,82,51.88565975025226,-8.498795392804201,POINT (-8.498795392804201 51.88565975025226)
"Glastonbury, Spur Hill, Doughcloyne, Co. Cork",675000,5,4,215,51.8515544949882,-8.512253175166382,POINT (-8.512253175166382 51.8515544949882)
"1 Percyville, South, Douglas, Co. Cork",750000,5,1,150,51.87721000000005,-8.435929999999928,POINT (-8.435929999999928 51.87721000000005)
"Anglesea House, Lower Kensington, Coach Hill, Rochestown, Co. Cork",1500000,5,3,732,51.87434000050385,-8.399520008079492,POINT (-8.399520008079492 51.87434000050385)
"20 The Garnish, Lancaster Gate, Western Road, Co. Cork",400000,2,2,72,51.89588999929646,-8.483450016231956,POINT (-8.483450016231956 51.89588999929646)
"1 Dryden Place, Ballinlough, Co. Cork",315000,4,2,134,51.89017999539627,-8.455599969465112,POINT (-8.455599969465112 51.89017999539627)
"207 Ashbrook, Victoria Cross, Wilton, Co. Cork",255000,3,1,56,51.89101723360472,-8.506509551035375,POINT (-8.506509551035375 51.891017233604714)
"Opera Lane Residences, Cork City, Cork City Centre",465000,2,2,92,51.89900348238433,-8.472568381077853,POINT (-8.472568381077853 51.89900348238433)
"Well Road, Douglas, Douglas, Co. Cork",995000,4,4,232,51.8786769518258,-8.437654709489923,POINT (-8.437654709489923 51.878676951825796)
